iter	RMSE
0	38.94512595
99	1.767735837
